Word,Definition,Example,Article,Plural,Past Tense,Future Tense,Past Participle,Decks,Exercise Type,Question,Correct Answer,Options,Explanation
huis,house,Het huis is groot.,het,huizen,,,,Home,Multiple Choice,What does "huis" mean?,house,house;car;book;tree,"Huis" means house in Dutch.
huis,house,Het huis is groot.,het,huizen,,,,Home,Fill in Blank,Ik woon in een _____.,huis,huis;auto;boek;boom,I live in a house.
aanleggen,Lay on,De boot gaat aanleggen aan de kade.,,,,aanleggen,,,4.1 - Daily Life,Multiple Choice,What does "aanleggen" mean in Dutch?,Lay on,to lay out;Lay on;to walk;to recommend,"Aanleggen" means to lay on or moor, often used for boats or laying out plans.
aanleggen,Lay on,De boot gaat aanleggen aan de kade.,,,,aanleggen,,,4.1 - Daily Life,Fill in Blank,De boot gaat _____ aan de kade.,aanleggen,aanleggen;aanlopen;aanraden;besteden,The boat is going to moor at the quay.
aanleggen,Lay on,De boot gaat aanleggen aan de kade.,,,,aanleggen,,,4.1 - Daily Life,Sentence Building,Translate "I lay on the table",ik leg aan de tafel,ik;leg;aan;de;tafel,I lay on the table.
Balen,Annoyed / Disappointed,Ik baal van het weer.,,,,balen,,,4.1 - Daily Life,Multiple Choice,What does "Balen" mean?,Annoyed / Disappointed,Annoyed / Disappointed;to be limited;to realize;to spend,"Balen" means to be annoyed or disappointed about something.
Balen,Annoyed / Disappointed,Ik baal van het weer.,,,,balen,,,4.1 - Daily Life,Sentence Building,Translate "I am annoyed about the weather",ik baal van het weer,ik;baal;van;het;weer,I'm annoyed about the weather.
beperkt,Limited,De mogelijkheden zijn beperkt.,,,,beperken,,,4.1 - Daily Life,Multiple Choice,What does "beperkt" mean?,Limited,annoyed;Limited;realized;spent,"Beperkt" means limited or restricted.
beperkt,Limited,De mogelijkheden zijn beperkt.,,,,beperken,,,4.1 - Daily Life,Fill in Blank,De mogelijkheden zijn _____.,beperkt,beperkt;beperken;beperking;beperkte,The possibilities are limited.
auto,car,De auto is rood.,de,auto's,,,,Transport,,,,,,,Basic flashcard with no exercises
boek,book,Het boek is interessant.,het,boeken,,,,Education,,,,,,,Basic flashcard with no exercises 